{"train/loss": 1.4676, "train/learning_rate": 1e-05, "train/epoch": 10.0, "train/global_step": 720, "_timestamp": 1689709868.0963624, "_runtime": 12199.81327843666, "_step": 21, "eval/loss": 3.326171875, "eval/accuracy": 0.3995055587630087, "eval/runtime": 17.6277, "eval/samples_per_second": 1.872, "eval/steps_per_second": 0.964, "train/train_runtime": 11583.632, "train/train_samples_per_second": 0.491, "train/train_steps_per_second": 0.062, "train/total_flos": 8.464213383053312e+16, "train/train_loss": 2.1614780002170138, "_wandb": {"runtime": 12255}}