{"train/loss": 2.327, "train/learning_rate": 1e-05, "train/epoch": 10.0, "train/global_step": 10910, "_timestamp": 1689544233.3717554, "_runtime": 16193.699770450592, "_step": 21, "eval/loss": 2.5546875, "eval/accuracy": 0.5248542805709658, "eval/runtime": 20.3717, "eval/samples_per_second": 14.334, "eval/steps_per_second": 14.334, "train/train_runtime": 16173.5986, "train/train_samples_per_second": 5.392, "train/train_steps_per_second": 0.675, "train/total_flos": 9.111948379973222e+16, "train/train_loss": 2.4303915917163152, "_wandb": {"runtime": 16193}}