{"train/loss": 0.0197, "train/learning_rate": 1e-05, "train/epoch": 30.0, "train/global_step": 2160, "_timestamp": 1689768464.1517828, "_runtime": 38081.61101484299, "_step": 61, "eval/loss": 5.19140625, "eval/accuracy": 0.34544270255066545, "eval/runtime": 17.6309, "eval/samples_per_second": 1.872, "eval/steps_per_second": 0.964, "train/train_runtime": 34763.239, "train/train_samples_per_second": 0.491, "train/train_steps_per_second": 0.062, "train/total_flos": 2.5392640149159936e+17, "train/train_loss": 0.9585201793246799, "_wandb": {"runtime": 38136}}