{"train/loss": 1.4676, "train/learning_rate": 1e-05, "train/epoch": 10.0, "train/global_step": 720, "_timestamp": 1689694849.4519994, "_runtime": 11578.513972520828, "_step": 20, "eval/loss": 3.326171875, "eval/accuracy": 0.3995055587630087, "eval/runtime": 18.5312, "eval/samples_per_second": 1.781, "eval/steps_per_second": 0.917, "train/train_runtime": 11579.6649, "train/train_samples_per_second": 0.491, "train/train_steps_per_second": 0.062, "train/total_flos": 8.464213383053312e+16, "train/train_loss": 2.1614780002170138}