{"train/loss": 0.0161, "train/learning_rate": 1e-05, "train/epoch": 30.0, "train/global_step": 2160, "_timestamp": 1689598729.5285904, "_runtime": 34876.73279833794, "_step": 61, "eval/loss": 5.2109375, "eval/accuracy": 0.34566475699841603, "eval/runtime": 17.6493, "eval/samples_per_second": 1.87, "eval/steps_per_second": 0.963, "train/train_runtime": 34854.6961, "train/train_samples_per_second": 0.49, "train/train_steps_per_second": 0.062, "train/total_flos": 2.5392640118960947e+17, "train/train_loss": 0.9390734743188929, "_wandb": {"runtime": 34876}}