{"train/loss": 2.7433, "train/learning_rate": 1e-05, "train/epoch": 1.0, "train/global_step": 72, "_timestamp": 1689617717.3366854, "_runtime": 1917.8296694755554, "_step": 3, "eval/loss": 2.78515625, "eval/accuracy": 0.4448194697339788, "eval/runtime": 17.5084, "eval/samples_per_second": 1.885, "eval/steps_per_second": 0.971, "train/train_runtime": 1149.8433, "train/train_samples_per_second": 0.495, "train/train_steps_per_second": 0.063, "train/total_flos": 8464213383053312.0, "train/train_loss": 2.7432861328125, "_wandb": {"runtime": 1974}}