{"train/loss": 2.6099, "train/learning_rate": 1e-05, "train/epoch": 2.0, "train/global_step": 144, "_timestamp": 1689621654.837327, "_runtime": 3085.75204706192, "_step": 5, "eval/loss": 2.78515625, "eval/accuracy": 0.44484907699367887, "eval/runtime": 17.3183, "eval/samples_per_second": 1.905, "eval/steps_per_second": 0.982, "train/train_runtime": 2309.2049, "train/train_samples_per_second": 0.493, "train/train_steps_per_second": 0.062, "train/total_flos": 1.6928426766106624e+16, "train/train_loss": 2.6771681043836804, "_wandb": {"runtime": 3141}}