{"train/loss": 3.2818, "train/learning_rate": 8.661968799114844e-06, "train/epoch": 1.0, "train/global_step": 72, "_timestamp": 1689612190.8800263, "_runtime": 280.9604012966156, "_step": 3, "eval/loss": 3.31640625, "eval/accuracy": 0.3884028363754793, "eval/runtime": 2.3989, "eval/samples_per_second": 13.756, "eval/steps_per_second": 13.756, "train/train_runtime": 121.9159, "train/train_samples_per_second": 4.667, "train/train_steps_per_second": 0.591, "train/total_flos": 594507359846400.0, "train/train_loss": 3.2818467881944446, "_wandb": {"runtime": 292}}